{
	"title": "ロストワンの号哭",
	"artist": "nameless",
	"bgColor": [
		"#ddd2bc",
		"#eebf2b"
	],
	"beats": 4,
	"bpm": 162,
	"startTime": 1620,
	"level": {
		"easy": "-",
		"normal": "-",
		"hard": 14
	},
	"map": {
		"easy": [
			""
		],
		"normal": [
			""
		],
		"hard": [
			"68,,68,,3,2,3,2,57,,57,,2,3,2,3",
			"1,3,1,3,2,4,2,4,a,,,,ec,,,",
			"g4,,12,,3,2,3,2,34,,23,,1,4,1,4",
			"23,,14,,2,4,2,4,13,,13,,2,3,d,",
			"12h,,12,,3,4,3,2,14,,23,,2,3,2,3",
			"14,,13,,4,3,2,1,23,,23,,1,3,b,",
			"f34,,34,,2,3,1,3,24,,13,,2,3,2,4",
			"23,,14,,2,1,2,3,d,,ah,,e3,2,4,3",
			"12,,23,,4,3,4,2,13,,13,,2,3,4,3",
			"2,1,2,4,2,4,2,4",
			{
				"barLine": false,
				"speed": 0.00001
			},
			"7",
			{
				"speed": 1.5
			},
			"",
			{
				"speed": 0.00001
			},
			"56",
			{
				"speed": 1.5
			},
			"",
			{
				"speed": 0.00001
			},
			"68",
			{
				"speed": 1.5
			},
			"",
			{
				"speed": 1
			},
			"58",
			"",
			{
				"barLine": true
			},
			"ac,,eg,,2,4,2,,34,,12,,3,2,1,",
			"2d,,1h,,3,2,3,,ad,,eh,,2,3,14,",
			"13,,23,,14,3,4,,23,,12,,24,3,1,",
			"23,,14,,23,4,1,,23,,2,,34,1,2,",
			"3,,12,,4,2,13,,24,,23,,14,2,3,",
			"34,,12,,34,1,2,,13,,24,,13,4,3,",
			"67,,1,,68,3,1,,56,,4,,58,2,c,",
			"5g8,,3,2,3,1,4,2,3,1,3,2,1,2,4,3",
			"ab,,ef,4,3,,1,2,,c,,bg,,1f4,c,",
			"ag,,e,4,2,,4,2,ac,,,,egd,,2h,",
			"bc,,fg,1,2,,4,3,,,13,,24,,14,",
			"a3,,e4,3,4,,1,3,bd,,,,fch,,1g,",
			"a,,e,3,4,,1,3,,b,,fd,,,ach,",
			"eg4,,24,1,2,,3,14,b,,,,f4,,13,",
			"ad,,eh,3,2,,4,3,1,,ac,,ebg,,f4,",
			"3,2,3,1,3,2,3,1,2,3,2,4,1,2,4,3",
			"a4,,4,,3,4,3,,4,,3,,2,3,4,",
			"3,,3,,4,3,4,,3,,2,,e3,4,2,",
			"13,,24,,3,2,14,,23,,24,,1,2,3,",
			"24,,23,,4,3,1,b,4,,4,fc,,2,1gd,",
			"1,,1,,2,1,2,,1,,1,,2,3,2,1",
			"2,,2,,1,3,1,,2,,2,,1h,2,3,4",
			"23,,14,,3,4,13,,2,,13,,24,3,1,",
			"23,,12,,34,2,3,2,a,,e8,,67,,2,",
			"ac,,eg,4,2,,4,2,,ac,,ebg,,f4,ac,",
			"egd,,h,1,2,,1,3,b,,4,,fc,,1g,",
			"b4,,f4,3,1,,2,4,13,,12,,23,,134,",
			"b,,4,,af,,ecd,,gh,,1,,23,,4,",
			"23,,13,2,1,,4,2,c,,bg,,af,,e4,",
			"cd,,,bgh,,,f4,3,a,,4,,ebd,,fh,",
			"ac,,eg,4,2,,14,3,2,,13,,12,,24,",
			"67,,,57,,,678,,1,3,2,3,1,4,23,",
			"bd,,,afh,,,e3,2,c,,,agd,,,e2h,3",
			"b,,,af,,,e4,3,24,,1,23,,,23,",
			"cd,,,abgh,,,ef4,3,12,,,234,,,1,3",
			"bd,,,fch,,,1g4,2,cd,,,agh,,,e3,24",
			"c,,,abg,,,ef3,4,23,,,13,,,2,4",
			"bc,,,afg,,,e4,3,12,,,34,,,12,3",
			"d,,,abh,,,ef3,4,3,2,3,2,4,1,4,2",
			"1,2,3,4,1,2,3,4,3,1,3,2,4,1,3,2",
			"ad,,eh,,24,,a,,3,,e4,,23,,34,",
			"b,,,af,,,ecd,,1gh,2,1,3,3,,1,2",
			"cd,,gh,,13,,24,,ac,,eg,,23,,24,",
			"a,,,ebd,,,f3h,1,2,3,2,14,ad,,e3h,2",
			"c,,bg,,af4,,e,,23,,24,,ad,,eh,",
			"23,,1,3,,,2,4,a,,e3,,4,3,2,1",
			"bc,,,fgd,,,ah,,e4,3,2,1,4,3,2,1",
			"2,3,2,3,2,4,3,1,2,4,1,3,2,4,2,1",
			"23,,23,,bd,,fh,,13,,13,,d,,2h,",
			"a,,3,ed,,2,ch,,1g,,12,,24,,3,2",
			"ac,,eg,,13,,23,,4,3,2,1,cd,,abgh,",
			"efd,,2,ch,,1,bg,,fd,,,,1h,,23,",
			"d,,ah,,ec,,bg,,1f4,,,13,,4,2,",
			"24,,,13,,,23,4,a,,e3,,3,,14,",
			"b,,afd,,,,ech,,2g,,,,3,2,3,2",
			"a,,3,,ed,,ch,,1g,2,3,4,1,3,1,3",
			"a,,,,e4,2,4,2,13,,12,,3,2,3,2",
			"34,,23,,1,2,3,4,23,,14,,1,2,3,2",
			"34,,13,,2,4,2,4,ac,,eg,,2,3,2,3",
			"14,,34,,2,3,1,4,23,,12,,4,2,3,1",
			"24,,23,,1,2,1,2,34,,23,,14,3,2,3",
			"24,,13,,2,3,1,3,24,,24,,3,2,ad,",
			"e3h,,23,,1,2,3,,24,,34,,2,3,1,",
			"2,3,2,4,2,3,2,4,2,3,2,1,4,3,1,2",
			"1c,,1,,,,1gd,,bh,,af3,,4,,ec,",
			"bg,,fd,,h,,3,2,,,13,,24,,3,",
			"14,,1,,,,14,,2,,13,,2,,4,",
			"c,,1,bg,,4,fc,,1g,,12,,234,,1,",
			"13,,1,,,,24,,24,,14,,3,,13,",
			"a3,,3,eb,3,,af3,,e4,,4,,a4,,4,",
			"ebd,,,,,,,,,,,,fh,,,",
			",,,,,,,,,,,,4,1,4,1",
			"d,,,ach,,,eg4,4,c,,,ag,,,e3,4",
			"a,,,ed,,,2h,1,23,,13,,,,4,2",
			"cd,,,agh,,,e2,3,b,,,fd,,,1h,2",
			"c,,,agd,,,e3h,2,34,,,13,,,2,4",
			"ac,,,egd,,,3h,2,c,,,ag,,,e4,2",
			"ac,,,egd,,,1h,2,34,,1,23,,,2,4",
			"bc,,fg,,,,ad,,eh,,67,,2,3,2,3",
			"1,2,3,2,3,4,2,3,1,4,2,3,2,4,1,3",
			"12,,23,,cd,,gh,,13,,23,,bd,,fh,",
			"134,,,23,,,234,,1,2,3,4,1,,3,2",
			"ad,,eh,,13,,23,,1,2,3,4,ac,,eg,",
			"b,,4,fc,,2,ag,,e34,,b,,3,,f4,",
			"14,,1,,134,,1,,234,,3,,13,,4,",
			"124,,3,,24,,2,,13,,2,,24,,3,",
			"568,,2,,57,,1,,68,,3,,567,,4,",
			"c,,1,bg,,4,fc,,g,,23,,14,,2,3",
			"14,,2,,cd,,gh,,2,,12,,bd,,fh,",
			"ab,,4,efc,,,bg,,fd,,1h,,67,,1,2",
			"c,,1g,,2,3,14,,a3,,e4,,23,,134,",
			"bd,,,afh,,,ec,,2g,,2,,3,2,3,2",
			"34,,2,,13,,2,,13,,4,,23,,1,",
			"23,,1,,34,,2,,13,,2,,34,,2,3",
			"1,2,1,,4,3,4,,1,2,3,2,4,3,2,",
			"5678,,,,5678,,,,5678,,,,5678,,3,3",
			"56,,78,,,,,,,,3,2,3,2,3,2",
			",,,,,,4,3,2,1,4,1,67,,68,",
			"567,,578,,,,,,,,4,2,4,2,4,2",
			",,,,,,56,,68,,,568,,,67,",
			"14,,1,,13,,1,,14,,1,,13,,1,",
			"14,,4,,24,,4,,14,,4,,24,,4,",
			"3,,3,,2,,2,,4,,4,,1,,1,",
			"67,,67,,578,,578,,567,,68,,1,2,3,4",
			"bc,,fg,,14,,23,,12,,24,,ac,,eg,",
			"13,,2,,34,,1,,23,,1,,3,1,3,2",
			"134,,2,,123,,4,,23,,13,,24,,13,",
			"234,,23,,134,,12,,234,,13,,124,,34,",
			"67,,13,,568,,23,,57,,12,,678,,24,",
			"567,,34,,67,,23,,578,,24,,568,,23,",
			"58,,23,,68,,12,,567,,34,,67,,13,",
			"a,,,ec,,,1g,2,d,,2h,,a,,e3,",
			"2,4,2,4,2,,7,5,7,5,7,,b,,,",
			"f34,,12,,3,2,3,1,24,,23,,4,3,2,1",
			"23,,13,,2,3,2,1,23,,12,,4,3,a,",
			"e24,,2,,34,2,3,1,23,,23,,1,2,1,4",
			"13,,24,,3,2,1,3,12,,23,,4,3,1,2",
			"34,,13,,2,3,2,4,13,,13,,2,4,1,2",
			"13,,34,,2,4,3,1,23,,12,,2,3,2,4",
			"13,,12,,2,3,2,4,13,,34,,1,2,1,2",
			"23,,23,,3,2,1,",
			{
				"barLine": false,
				"speed": 0.00001
			},
			"7",
			{
				"speed": 1.5
			},
			"",
			{
				"speed": 0.00001
			},
			"56",
			{
				"speed": 1.5
			},
			"",
			{
				"speed": 0.00001
			},
			"68",
			{
				"speed": 1.5
			},
			"",
			{
				"speed": 1
			},
			"567,",
			{
				"barLine": true
			},
			"234,,124,,23,4,2,,13,,234,,13,2,4,",
			"124,,123,,2,3,1,2,34,,23,,3,2,4,3",
			"12,,23,,34,2,3,2,14,,23,,13,2,4,",
			"23,,12,,3,2,3,4,13,,14,,2,3,2,4",
			"13,,23,,2,1,2,4,13,,234,,1,3,2,3",
			"24,,13,,4,2,1,3,12,,3,,4,3,2,1",
			"bd,,fh,,1,2,1,3,2,,12,,3,3,2,2",
			"14,,14,,2,3,2,3,12,,34,,1,3,2,4",
			"56,,56,,4,3,4,3,68,,78,,1,2,1,2",
			"58,,67,,1,4,1,4,b,,,,f3,,,",
			"567,,578,,3,4,2,1,678,,568,,3,2,1,4",
			"67,,67,,14,2,34,1,67"
		]
	}
}